{
  "name": "adarkdeep",
  "title": "Adventures Dark and Deep",
  "description": "BRW Games' interpretation of the world's most popular RPG as it might have been in a second edition had the original creator stayed at the helm of the company.",
  "version": "0.0.9",
  "minimumCoreVersion": "0.8.9",
  "compatibleCoreVersion": "9.242",
  "templateVersion": 2,
  "author": "Archibael",
  "esmodules": ["adarkdeep.js"],
  "styles": ["adarkdeep.css"],
  "packs": [
    {
      "name": "Skills",
      "label": "ADD Skills",
      "path": "packs/add-skills.db",
      "entity": "Item"
    },
    {
      "name": "Class Abilities",
      "label": "ADD Class Abilities",
      "path": "packs/add-class-abilities.db",
      "entity": "Item"
    },
    {
      "name": "Racial Abilities",
      "label": "ADD Racial Abilities",
      "path": "packs/add-race-abilities.db",
      "entity": "Item"
    },
    {
      "name": "Items",
      "label": "ADD Items",
      "path": "packs/add-items.db",
      "entity": "Item"
    }
  ],
  "languages": [
    {
      "lang": "en",
      "name": "English",
      "path": "lang/en.json"
    }
  ],
  "socket": false,
  "initiative": "1d10",
  "gridDistance": 3.3333333333,
  "gridUnits": "ft",
  "primaryTokenAttribute": "hp",
  "secondaryTokenAttribute": null,
  "url": "https://github.com/archibael/foundry-vtt-adarkdeep/tree/main/adarkdeep",
  "manifest": "https://github.com/archibael/foundry-vtt-adarkdeep/tree/main/adarkdeep/system.json",
  "download": "https://github.com/archibael/foundry-vtt-adarkdeep/tree/main/adarkdeep/download/archive.zip"
}