{
  "Actor": {
    "types": ["character", "monster"],
    "templates": {
      "common": {
        "retainer": {
          "enabled": false,
          "loyalty": 0,
          "wage": ""
        },
        "hp": {
          "hd": "1d8",
          "value": 20,
          "max": 20
        },
        "ac": {
          "value": 0,
          "mod": 0
        },
        "thac0": {
          "value": 19,
          "bba": 0,
          "mod": {
            "missile": 0,
            "melee": 0
          }
        },
		"achitby20": {
		  "value": 1,
		  "mod": {
            "missile": 0,
            "melee": 0
		  }
		},
        "saves": {
          "death": {
            "value": 0,
			"mod": 0
          },
          "wand": {
            "value": 0,
			"mod": 0
          },
          "paralysis": {
            "value": 0,
			"mod": 0
          },
          "breath": {
            "value": 0,
			"mod": 0
          },
          "spell": {
            "value": 0,
			"mod": 0
          }
        },
        "movement": {
          "base": 120,
		  "fly": 0,
		  "maneuvclass" : "",
		  "burrow": 0,
		  "swim": 0,
		  "climb" : 0,
		  "other" : 0
        },
        "initiative": {
          "value": 0,
          "mod": 0
        }
      },
      "spellcaster": {
        "spells": {
          "enabled": false,
          "1": {
            "max": 0
          },
          "2": {
            "max": 0
          },
          "3": {
            "max": 0
          },
          "4": {
            "max": 0
          },
          "5": {
            "max": 0
          },
          "6": {
            "max": 0
          },
          "7": {
            "max": 0
          },
          "8": {
            "max": 0
          },
          "9": {
            "max": 0
          }
        },
        "spells2": {
          "enabled": false,
          "1": {
            "max": 0
          },
          "2": {
            "max": 0
          },
          "3": {
            "max": 0
          },
          "4": {
            "max": 0
          },
          "5": {
            "max": 0
          },
          "6": {
            "max": 0
          },
          "7": {
            "max": 0
          },
          "8": {
            "max": 0
          },
          "9": {
            "max": 0
          }
        },
        "spells3": {
          "enabled": false,
          "1": {
            "max": 0
          },
          "2": {
            "max": 0
          },
          "3": {
            "max": 0
          },
          "4": {
            "max": 0
          },
          "5": {
            "max": 0
          },
          "6": {
            "max": 0
          },
          "7": {
            "max": 0
          },
          "8": {
            "max": 0
          },
          "9": {
            "max": 0
          }
        }
      }
    },
    "character": {
      "templates": ["common", "spellcaster"],
      "config": {
        "movementAuto": true
      },
      "details": {
        "biography": "",
        "notes": "",
		"dualclass" : false,
		"multiclass" : false,
		"multiclass3" : false,
		"morale" : 0,
		"race" : "",
        "class": "",
		"class2": "",
		"class3": "",
        "title": "",
        "alignment": "",
        "level": 1,
		"level2" : null,
		"level3" : null,
        "xp": {
          "share": 100,
          "next": 2000,
          "value": 0,
          "bonus": 0
        },
        "xp2": {
          "share": 100,
          "next": 2000,
          "value": 0,
          "bonus": 0
        },
        "xp3": {
          "share": 100,
          "next": 2000,
          "value": 0,
          "bonus": 0
        }
      },
      "exploration": {
        "ld": 1,
        "od": 2,
        "sd": 1,
        "ft": 1
      },
      "scores": {
        "str": {
          "value": 10,
		  "except": "01",
		  "exenabled": false,
          "bonus": 0
        },
        "int": {
          "value": 10,
          "bonus": 0
        },
        "wis": {
          "value": 10,
          "bonus": 0
        },
        "dex": {
          "value": 10,
          "bonus": 0
        },
        "con": {
          "value": 10,
		  "limited": true,
          "bonus": 0
        },
        "cha": {
          "value": 10,
          "bonus": 0
        }
      },
      "encumbrance": {
        "max": 1600
      },
      "languages": {
        "value": []
      }
    },
    "monster": {
      "templates": ["common", "spellcaster"],
      "details": {
        "biography": "",
        "alignment": "",
        "xp": {
			"value": 0,
			"compbase": 0,
			"comphpmult": 0
		},
        "treasure": {
          "table": "",
          "value": "",
		  "magic": ""
        },
        "appearing": {
          "d": 1,
          "w": 1
        },
        "morale": 0,
		"magicresist0level": 1,
		"size": "",
		"sizedetail": "",
		"turnas": ""
      },
      "attacks": ""
    }
  },
  "Item": {
    "types": ["item", "weapon", "armor", "spell", "ability", "container","skill"],
    "templates": {
      "common": {
		  "cr" : false,
		  "cr_msg" : ""
	  }
	},
    "item": {
      "templates": ["common"],
      "description": "",
      "quantity": {
        "value": 1,
        "max": 0
      },
      "treasure": false,
      "cost": 0,
      "weight": 0,
      "containerId": "",
      "isContainer": false
    },
    "container": {
      "templates": ["common"],
      "description": "",
      "cost": 0,
      "weight": 0
    },
    "weapon": {
      "templates": ["common"],
      "range": {
        "short": 0,
        "medium": 0,
        "long": 0
      },
      "save": "",
      "pattern": "transparent",
      "description": "",
      "damage": "1d6",
      "bonus": 0,
      "tags": [],
      "slow": false,
      "missile": false,
      "melee": true,
      "cost": 0,
      "equipped": false,
      "weight": 0,
      "counter": {
        "value": 0,
        "max": 0
      },
      "containerId": ""
    },
    "armor": {
      "templates": ["common"],
      "description": "",
      "ac": 10,
      "move_mod": "1.00",
      "cost": 0,
      "equipped": false,
      "weight": 0,
	  "swim": "Yes",
	  "bonus": 0,
	  "isShield": false,
      "containerId": ""
    },
    "spell": {
      "templates": ["common"],
      "lvl": 1,
      "class": "Magic-User",
      "duration": "",
      "range": "",
      "roll": "",
      "description": "",
      "memorized": 0,
      "cast": 0,
      "save": ""
    },
    "ability": {
      "templates": ["common"],
      "pattern": "white",
      "requirements": "",
      "roll": "",
      "rollType": "result",
      "rollTarget": 0,
      "blindroll": false,
      "description": "",
      "save": ""
    },
    "skill": {
      "templates": ["common"],
      "pattern": "white",
	  "xpcost": "",
	  "avail_specialties": "",
      "specialties": "",
	  "level":0,
	  "ability":"",
	  "ability2":"",
      "roll": "1d20",
      "rollType": "below",
      "blindroll": false,
      "description": "",
	  "multiability" : false,
      "oppability": ""
    }
  }
}
